"","h.7","h.8","h.9","h.10","h.11","h.12","h.13","h.14","h.15","h.16","h.17","h.18","h.19"
"V1",2.42736813154745,0.411561492497207,0.327383030211333,0.0534100627107003,-0.0465099714455604,0.507427520053905,-0.675865041341472,-0.68126593140412,-0.414586273043519,-0.64175280365822,-0.290672763221025,0.211198992812492,-0.647676409090849
"V2",-0.248986648404718,0.594708036920912,0.423300335214614,0.263085675337345,-0.0467345675843121,0.46915270022612,-0.0841820927255991,-0.651737935217224,-0.527651823043342,-0.450766625849057,-0.375100670460812,-0.0920625541499248,-0.192493590756034
"V3",-0.373414020727798,1.98210199591661,0.223500610525513,0.0890305222589911,0.181125643449304,0.429109430841224,-0.628144934054443,-0.419704077598755,-0.476205902150991,-0.407583005881527,-0.184748355754766,-2.7666503945245,-0.280580360731645
"V4",-0.289251419905743,0.429746676684162,-0.0772315305829816,0.407118332977555,-0.0681786416824207,0.265200466304279,0.221617124253239,-0.299561384147625,-0.053347196759193,-0.362854170011556,-0.0728798458232701,0.0855187612981413,-0.140562050011259
"V5",0.167655524841409,-0.211651304665599,-0.468286417437523,-0.363608081600841,0.254364400031294,0.00151058298620485,-0.0946542526758712,0.658607969845654,-0.321312619576574,0.431407306185218,0.163016610007888,0.243597119445973,0.262493794337864
"V6",0.0792527120609965,0.320987525213486,0.288004711906886,0.277320873587692,0.506429050150535,0.330704348041251,0.108423024684719,-0.391927432688751,-0.610000029454988,-0.49922992686683,-0.379280704556244,0.0467123494822994,-1.15412392985576
"V7",-0.214601577661166,0.0578614318898353,2.17894387134718,0.975697200299214,0.0500188314539943,0.481156156674718,-0.45376124994841,-0.435925952066167,-0.443285180853711,-0.458715215607295,-1.10167157112102,0.127257415613349,-0.255667334458958
"V8",-0.46788022390484,-0.372085783767725,0.0978421679252389,0.627897255117576,-0.103906696111392,-0.00460683450938981,-0.248539125729707,0.874285072966703,0.295221704578415,0.0629029291122375,0.143412553463341,0.162907046827655,0.484212006960449
"V9",-0.561487157668503,-0.919282552357784,0.101623682249279,-0.381989620191498,0.0180349548634879,-0.0641063418079121,-0.188179861270213,-2.00653649633633,-0.111941207502072,0.605311102799957,0.336167635118769,0.67368568973124,0.727133525591139
"V10",0.129138577543522,0.309872395634907,0.660103074091078,-1.61844705169203,0.20470255727236,0.24922707323991,-0.0138442658819635,-0.248404588829876,-0.379332054198476,-0.0666305228896021,-0.202901812016317,0.11982319783484,-0.0843986642428196
"V11",-0.625130329730524,-1.06572543889836,-0.60324059392367,-0.223914555498964,-0.158623204641067,-0.0443242158746623,0.29628681420847,0.790309406911327,0.714467019047099,0.824126073262312,0.339631447099125,0.712206966542075,0.605702609230898
"V12",-0.748981160188911,-1.48284220262766,-0.91249335174658,-0.452663353642458,-0.487933747387376,0.0782822033590472,0.383332111649335,0.938713761776312,0.654888708058411,0.494820653728312,0.926914033335317,0.875004544984922,0.740830539942125
"V13",-0.617277229892235,-1.06227621707781,-0.950558531757529,-0.278871045573913,-0.0813403213809816,0.0193964651489321,0.0982330899071426,0.973523879337039,0.780147946595953,0.690241622454296,0.438223567880391,0.705042864773635,0.760295562672637
"V14",1.24479505057372,-0.168840706593343,-0.494616238996469,-0.246542013565266,-0.0804316449505448,-3.31533223621158,-0.0333937536774265,0.529290126297881,0.563867041402111,0.75123809571051,0.443673703778379,0.316769308249425,0.719481344891703
"V15",0.738746382414523,-0.261011253416819,-0.400217094403062,-0.366601768064622,0.125611913277795,-0.0811612637737978,-0.0992074758599105,0.26663380766477,0.455417406967084,0.714768444234129,0.436258805935251,-2.12705321560361,0.129330027456022
"V16",-0.247036754243328,-0.3604654899119,-0.246141764057086,-0.247078591094331,0.114584874720791,-0.0204732942130763,1.6081772257811,0.811409250633189,1.35931326641661,0.468829491725033,0.174288036481998,0.0678109876092471,0.494487738794405
